timestamp_s,robot_id,x,y,battery_state,nav_state,avail_state,current_task_id,failure_flag
30.000,robot_1,0.000,-0.000,0,0,0,,0
30.000,robot_2,0.000,-0.000,0,0,0,,0
30.000,robot_3,0.000,-0.000,0,0,0,,0
30.000,robot_4,0.000,-0.000,0,0,0,,0
30.000,robot_5,0.000,-0.000,0,0,0,,0
32.000,robot_1,0.319,-0.054,0,1,0,task_001,0
32.000,robot_2,0.276,0.053,0,1,0,task_022,0
32.000,robot_3,0.092,0.087,0,1,0,task_008,0
32.000,robot_4,0.112,-0.061,0,1,0,task_002,0
32.000,robot_5,0.096,0.090,0,1,0,task_004,0
34.000,robot_1,0.804,-0.245,0,1,0,task_001,0
34.000,robot_2,0.752,0.264,0,1,0,task_022,0
34.000,robot_3,0.334,0.532,0,1,0,task_008,0
34.000,robot_4,0.417,-0.432,0,1,0,task_002,0
34.000,robot_5,0.344,0.536,0,1,0,task_004,0
36.000,robot_1,1.283,-0.452,0,1,0,task_001,0
36.000,robot_2,1.210,0.513,0,1,0,task_022,0
36.000,robot_3,0.523,1.019,0,1,0,task_008,0
36.000,robot_4,0.667,-0.890,0,1,0,task_002,0
36.000,robot_5,0.534,1.022,0,1,0,task_004,0
38.000,robot_1,1.750,-0.664,0,1,0,task_001,0
38.000,robot_2,1.656,0.766,0,1,0,task_022,0
38.000,robot_3,0.724,1.490,0,1,0,task_008,0
38.000,robot_4,0.904,-1.345,0,1,0,task_002,0
38.000,robot_5,0.722,1.499,0,1,0,task_004,0
40.000,robot_1,2.225,-0.879,0,1,0,task_001,0
40.000,robot_2,2.116,1.012,0,1,0,task_022,0
40.000,robot_3,0.881,1.798,0,1,0,task_008,0
40.000,robot_4,1.152,-1.804,0,1,0,task_002,0
40.000,robot_5,0.960,1.962,0,1,0,task_004,0
42.000,robot_1,2.703,-1.087,0,1,0,task_001,0
42.000,robot_2,2.575,1.260,0,1,0,task_022,0
42.000,robot_3,0.887,1.780,0,1,0,task_012,0
42.000,robot_4,1.411,-2.256,0,1,0,task_002,0
42.000,robot_5,1.296,2.359,0,1,0,task_004,0
44.000,robot_1,3.307,-1.339,0,1,0,task_001,0
44.000,robot_2,3.040,1.496,0,1,0,task_022,0
44.000,robot_3,0.880,1.378,0,1,0,task_012,0
44.000,robot_4,1.673,-2.707,0,1,0,task_002,0
44.000,robot_5,1.734,2.766,0,1,0,task_004,0
46.000,robot_1,3.668,-1.483,0,1,0,task_001,0
46.000,robot_2,3.507,1.727,0,1,0,task_022,0
46.000,robot_3,0.697,0.891,0,1,0,task_012,0
46.000,robot_4,1.947,-3.151,0,1,0,task_002,0
46.000,robot_5,1.816,2.839,0,0,0,,0
48.000,robot_1,4.276,-1.700,0,1,0,task_001,0
48.000,robot_2,4.086,2.013,0,1,0,task_022,0
48.000,robot_3,0.416,0.310,0,1,0,task_012,0
48.000,robot_4,2.297,-3.693,0,1,0,task_002,0
48.000,robot_5,2.428,2.853,0,1,0,task_023,0
50.000,robot_1,4.617,-1.827,0,1,0,task_001,0
50.000,robot_2,4.436,2.182,0,1,0,task_022,0
50.000,robot_3,0.235,-0.035,0,1,0,task_012,0
50.000,robot_4,2.513,-4.017,0,1,0,task_002,0
50.000,robot_5,2.817,2.851,0,1,0,task_023,0
52.000,robot_1,4.787,-1.899,0,1,0,task_018,0
52.000,robot_2,4.906,2.409,0,1,0,task_022,0
52.000,robot_3,-0.014,-0.493,0,1,0,task_012,0
52.000,robot_4,2.802,-4.451,0,1,0,task_002,0
52.000,robot_5,3.338,2.848,0,1,0,task_023,0
54.000,robot_1,4.752,-1.567,0,1,0,task_018,0
54.000,robot_2,5.379,2.628,0,1,0,task_022,0
54.000,robot_3,-0.277,-0.943,0,1,0,task_012,0
54.000,robot_4,3.006,-4.929,0,1,0,task_002,0
54.000,robot_5,3.860,2.842,0,1,0,task_023,0
56.000,robot_1,4.607,-1.206,0,1,0,task_018,0
56.000,robot_2,5.854,2.844,0,1,0,task_022,0
56.000,robot_3,-0.555,-1.385,0,1,0,task_012,0
56.000,robot_4,3.125,-5.437,0,1,0,task_002,0
56.000,robot_5,4.381,2.832,0,1,0,task_023,0
58.000,robot_1,4.358,-0.748,0,1,0,task_018,0
58.000,robot_2,6.452,3.085,0,1,0,task_022,0
58.000,robot_3,-0.805,-1.747,0,1,0,task_012,0
58.000,robot_4,3.264,-6.067,0,1,0,task_002,0
58.000,robot_5,5.026,2.804,0,1,0,task_023,0
60.000,robot_1,4.099,-0.306,0,1,0,task_018,0
60.000,robot_2,6.815,3.225,0,1,0,task_022,0
60.000,robot_3,-0.853,-1.812,0,0,0,,0
60.000,robot_4,3.361,-6.444,0,1,0,task_002,0
60.000,robot_5,5.414,2.773,0,1,0,task_023,0
62.000,robot_1,3.761,0.254,0,1,0,task_018,0
62.000,robot_2,7.431,3.446,0,1,0,task_022,0
62.000,robot_3,-0.812,-1.576,0,1,0,task_011,0
62.000,robot_4,3.561,-7.066,0,1,0,task_002,0
62.000,robot_5,5.929,2.693,0,1,0,task_023,0
64.000,robot_1,3.549,0.581,0,1,0,task_018,0
64.000,robot_2,7.800,3.569,0,1,0,task_022,0
64.000,robot_3,-0.859,-1.192,0,1,0,task_011,0
64.000,robot_4,3.701,-7.429,0,1,0,task_002,0
64.000,robot_5,6.430,2.551,0,1,0,task_023,0
66.000,robot_1,3.256,1.012,0,1,0,task_018,0
66.000,robot_2,8.298,3.724,0,1,0,task_022,0
66.000,robot_3,-0.994,-0.689,0,1,0,task_011,0
66.000,robot_4,3.866,-7.775,0,1,0,task_002,0
66.000,robot_5,6.928,2.394,0,1,0,task_023,0
68.000,robot_1,2.925,1.414,0,1,0,task_018,0
68.000,robot_2,8.711,3.871,0,1,0,task_022,0
68.000,robot_3,-1.163,-0.195,0,1,0,task_011,0
68.000,robot_4,3.876,-7.793,0,1,0,task_010,0
68.000,robot_5,7.424,2.232,0,1,0,task_023,0
70.000,robot_1,2.523,1.745,0,1,0,task_018,0
70.000,robot_2,8.933,3.911,0,1,0,task_003,0
70.000,robot_3,-1.354,0.290,0,1,0,task_011,0
70.000,robot_4,3.660,-7.896,0,1,0,task_010,0
70.000,robot_5,7.771,2.102,0,1,0,task_023,0
72.000,robot_1,2.093,2.024,0,1,0,task_018,0
72.000,robot_2,9.430,3.797,0,1,0,task_003,0
72.000,robot_3,-1.567,0.756,0,1,0,task_011,0
72.000,robot_4,3.238,-7.982,0,1,0,task_010,0
72.000,robot_5,7.790,2.075,0,1,0,task_019,0
74.000,robot_1,1.533,2.363,0,1,0,task_018,0
74.000,robot_2,9.778,3.638,0,1,0,task_003,0
74.000,robot_3,-1.793,1.179,0,1,0,task_011,0
74.000,robot_4,3.238,-7.982,0,1,0,,0
74.000,robot_5,7.716,1.715,0,1,0,task_019,0
76.000,robot_1,1.200,2.563,0,1,0,task_018,0
76.000,robot_2,9.817,3.574,0,1,0,task_025,0
76.000,robot_3,-1.868,1.302,0,1,0,,0
76.000,robot_4,3.238,-7.982,0,1,0,task_015,0
76.000,robot_5,7.412,1.293,0,1,0,task_019,0
78.000,robot_1,0.754,2.834,0,1,0,task_018,0
78.000,robot_2,9.896,3.070,0,1,0,task_025,0
78.000,robot_3,-1.625,1.278,0,1,0,task_017,0
78.000,robot_4,2.812,-8.110,0,1,0,task_015,0
78.000,robot_5,7.034,0.935,0,1,0,task_019,0
80.000,robot_1,0.313,3.113,0,1,0,task_018,0
80.000,robot_2,9.908,2.549,0,1,0,task_025,0
80.000,robot_3,-1.152,1.062,0,1,0,task_017,0
80.000,robot_4,2.292,-8.148,0,1,0,task_015,0
80.000,robot_5,6.625,0.611,0,1,0,task_019,0
82.000,robot_1,-0.124,3.397,0,1,0,task_018,0
82.000,robot_2,9.904,2.027,0,1,0,task_025,0
82.000,robot_3,-0.701,0.800,0,1,0,task_017,0
82.000,robot_4,1.772,-8.189,0,1,0,task_015,0
82.000,robot_5,6.206,0.300,0,1,0,task_019,0
84.000,robot_1,-0.553,3.676,0,1,0,task_018,0
84.000,robot_2,9.901,1.514,0,1,0,task_025,0
84.000,robot_3,-0.253,0.550,0,1,0,task_017,0
84.000,robot_4,1.260,-8.205,0,1,0,task_015,0
84.000,robot_5,5.789,0.001,0,1,0,task_019,0
86.000,robot_1,-0.812,3.858,0,1,0,task_018,0
86.000,robot_2,9.913,0.998,0,1,0,task_025,0
86.000,robot_3,0.203,0.297,0,1,0,task_017,0
86.000,robot_4,0.738,-8.193,0,1,0,task_015,0
86.000,robot_5,5.377,-0.317,0,1,0,task_019,0
88.000,robot_1,-0.812,3.858,0,1,0,task_014,0
88.000,robot_2,9.947,0.731,0,1,0,task_025,0
88.000,robot_3,0.658,0.041,0,1,0,task_017,0
88.000,robot_4,0.217,-8.176,0,1,0,task_015,0
88.000,robot_5,5.061,-0.727,0,1,0,task_019,0
90.000,robot_1,-0.462,3.681,0,1,0,task_014,0
90.000,robot_2,9.947,0.731,0,0,0,,0
90.000,robot_3,1.110,-0.218,0,1,0,task_017,0
90.000,robot_4,-0.302,-8.126,0,1,0,task_015,0
90.000,robot_5,5.005,-1.155,0,1,0,task_019,0
92.000,robot_1,-0.099,3.307,0,1,0,task_014,0
92.000,robot_2,9.947,0.731,0,1,0,task_005,0
92.000,robot_3,1.560,-0.483,0,1,0,task_017,0
92.000,robot_4,-0.816,-8.041,0,1,0,task_015,0
92.000,robot_5,5.215,-1.569,0,1,0,task_019,0
94.000,robot_1,0.232,2.916,0,1,0,task_014,0
94.000,robot_2,9.583,0.608,0,1,0,task_005,0
94.000,robot_3,2.000,-0.745,0,1,0,task_017,0
94.000,robot_4,-1.327,-8.000,0,1,0,task_015,0
94.000,robot_5,5.613,-1.889,0,1,0,task_019,0
96.000,robot_1,0.562,2.512,0,1,0,task_014,0
96.000,robot_2,9.064,0.561,0,1,0,task_005,0
96.000,robot_3,2.451,-1.007,0,1,0,task_017,0
96.000,robot_4,-1.726,-7.994,0,1,0,task_015,0
96.000,robot_5,6.062,-2.154,0,1,0,task_019,0
98.000,robot_1,0.819,2.207,0,1,0,task_014,0
98.000,robot_2,8.544,0.520,0,1,0,task_005,0
98.000,robot_3,2.897,-1.278,0,1,0,task_017,0
98.000,robot_4,-1.759,-7.994,0,1,0,,0
98.000,robot_5,6.511,-2.419,0,1,0,task_019,0
100.000,robot_1,0.847,2.174,0,0,0,,0
100.000,robot_2,8.030,0.431,0,1,0,task_005,0
100.000,robot_3,3.338,-1.555,0,1,0,task_017,0
100.000,robot_4,-1.759,-7.994,0,0,0,,0
100.000,robot_5,6.958,-2.689,0,1,0,task_019,0
102.000,robot_1,0.922,2.248,0,1,0,task_006,0
102.000,robot_2,7.525,0.301,0,1,0,task_005,0
102.000,robot_3,3.722,-1.804,0,1,0,task_017,0
102.000,robot_4,-1.428,-8.012,0,1,0,task_020,0
102.000,robot_5,7.403,-2.961,0,1,0,task_019,0
104.000,robot_1,1.155,2.695,0,1,0,task_006,0
104.000,robot_2,6.903,0.130,0,1,0,task_005,0
104.000,robot_3,3.802,-1.859,0,0,0,,0
104.000,robot_4,-0.907,-8.011,0,1,0,task_020,0
104.000,robot_5,7.852,-3.227,0,1,0,task_019,0
106.000,robot_1,1.322,3.179,0,1,0,task_006,0
106.000,robot_2,6.528,0.027,0,1,0,task_005,0
106.000,robot_3,3.802,-1.859,0,1,0,task_024,0
106.000,robot_4,-0.394,-8.007,0,1,0,task_020,0
106.000,robot_5,8.287,-3.497,0,1,0,task_019,0
108.000,robot_1,1.484,3.675,0,1,0,task_006,0
108.000,robot_2,6.030,-0.127,0,1,0,task_005,0
108.000,robot_3,3.928,-1.557,0,1,0,task_024,0
108.000,robot_4,0.127,-8.016,0,1,0,task_020,0
108.000,robot_5,8.689,-3.767,0,1,0,task_019,0
110.000,robot_1,1.663,4.165,0,1,0,task_006,0
110.000,robot_2,5.536,-0.295,0,1,0,task_005,0
110.000,robot_3,3.999,-1.041,0,1,0,task_024,0
110.000,robot_4,0.648,-8.052,0,1,0,task_020,0
110.000,robot_5,8.808,-3.853,0,1,0,task_013,0
112.000,robot_1,1.856,4.650,0,1,0,task_006,0
112.000,robot_2,5.060,-0.507,0,1,0,task_005,0
112.000,robot_3,4.054,-0.522,0,1,0,task_024,0
112.000,robot_4,1.161,-8.141,0,1,0,task_020,0
112.000,robot_5,8.738,-3.900,0,1,0,task_013,0
114.000,robot_1,2.059,5.130,0,1,0,task_006,0
114.000,robot_2,4.602,-0.757,0,1,0,task_005,0
114.000,robot_3,4.104,-0.003,0,1,0,task_024,0
114.000,robot_4,1.679,-8.201,0,1,0,task_020,0
114.000,robot_5,8.333,-4.015,0,1,0,task_013,0
116.000,robot_1,2.273,5.605,0,1,0,task_006,0
116.000,robot_2,4.145,-1.009,0,1,0,task_005,0
116.000,robot_3,4.163,0.515,0,1,0,task_024,0
116.000,robot_4,2.200,-8.211,0,1,0,task_020,0
116.000,robot_5,8.234,-4.020,0,1,0,task_013,0
118.000,robot_1,2.498,6.066,0,1,0,task_006,0
118.000,robot_2,3.581,-1.322,0,1,0,task_005,0
118.000,robot_3,4.226,1.024,0,1,0,task_024,0
118.000,robot_4,2.846,-8.204,0,1,0,task_020,0
118.000,robot_5,8.234,-4.020,0,0,0,,0
120.000,robot_1,2.789,6.499,0,1,0,task_006,0
120.000,robot_2,3.243,-1.515,0,1,0,task_005,0
120.000,robot_3,4.297,1.541,0,1,0,task_024,0
120.000,robot_4,3.235,-8.201,0,1,0,task_020,0
120.000,robot_5,8.234,-4.020,0,0,0,,0
122.000,robot_1,2.997,6.975,0,1,0,task_006,0
122.000,robot_2,2.790,-1.773,0,1,0,task_005,0
122.000,robot_3,4.375,2.056,0,1,0,task_024,0
122.000,robot_4,3.756,-8.201,0,1,0,task_020,0
122.000,robot_5,8.234,-4.020,0,0,0,,0
124.000,robot_1,3.094,7.487,0,1,0,task_006,0
124.000,robot_2,2.339,-2.035,0,1,0,task_005,0
124.000,robot_3,4.467,2.570,0,1,0,task_024,0
124.000,robot_4,4.278,-8.201,0,1,0,task_020,0
124.000,robot_5,8.234,-4.020,0,0,0,,0
126.000,robot_1,3.169,8.003,0,1,0,task_006,0
126.000,robot_2,1.884,-2.290,0,1,0,task_005,0
126.000,robot_3,4.573,3.080,0,1,0,task_024,0
126.000,robot_4,4.799,-8.203,0,1,0,task_020,0
126.000,robot_5,8.234,-4.020,0,1,0,task_007,0
128.000,robot_1,3.250,8.509,0,1,0,task_006,0
128.000,robot_2,1.444,-2.553,0,1,0,task_005,0
128.000,robot_3,4.684,3.581,0,1,0,task_024,0
128.000,robot_4,5.312,-8.207,0,1,0,task_020,0
128.000,robot_5,8.154,-3.875,0,1,0,task_007,0
130.000,robot_1,3.367,9.153,0,1,0,task_006,0
130.000,robot_2,1.008,-2.839,0,1,0,task_005,0
130.000,robot_3,4.837,4.217,0,1,0,task_024,0
130.000,robot_4,5.966,-8.223,0,1,0,task_020,0
130.000,robot_5,7.656,-3.463,0,1,0,task_007,0
132.000,robot_1,3.481,9.662,0,1,0,task_006,0
132.000,robot_2,0.472,-3.215,0,1,0,task_005,0
132.000,robot_3,4.947,4.590,0,1,0,task_024,0
132.000,robot_4,6.355,-8.227,0,1,0,task_020,0
132.000,robot_5,7.219,-3.178,0,1,0,task_007,0
134.000,robot_1,3.588,10.036,0,1,0,task_006,0
134.000,robot_2,0.157,-3.442,0,1,0,task_005,0
134.000,robot_3,5.106,5.087,0,1,0,task_024,0
134.000,robot_4,6.876,-8.231,0,1,0,task_020,0
134.000,robot_5,6.892,-2.967,0,1,0,task_007,0
136.000,robot_1,3.762,10.526,0,1,0,task_006,0
136.000,robot_2,-0.269,-3.744,0,1,0,task_005,0
136.000,robot_3,5.281,5.578,0,1,0,task_024,0
136.000,robot_4,7.398,-8.226,0,1,0,task_020,0
136.000,robot_5,6.456,-2.681,0,1,0,task_007,0
138.000,robot_1,3.883,10.789,0,1,0,,0
138.000,robot_2,-0.743,-3.954,0,1,0,task_005,0
138.000,robot_3,5.482,6.059,0,1,0,task_024,0
138.000,robot_4,7.919,-8.195,0,1,0,task_020,0
138.000,robot_5,6.022,-2.393,0,1,0,task_007,0
140.000,robot_1,4.206,10.819,0,1,0,task_009,0
140.000,robot_2,-1.213,-3.973,0,1,0,task_005,0
140.000,robot_3,5.711,6.518,0,1,0,task_024,0
140.000,robot_4,8.422,-8.098,0,1,0,task_020,0
140.000,robot_5,5.596,-2.107,0,1,0,task_007,0
142.000,robot_1,4.728,10.810,0,1,0,task_009,0
142.000,robot_2,-1.527,-3.785,0,1,0,task_005,0
142.000,robot_3,5.871,6.797,0,1,0,task_024,0
142.000,robot_4,8.937,-8.018,0,1,0,task_020,0
142.000,robot_5,5.162,-1.818,0,1,0,task_007,0
144.000,robot_1,5.248,10.783,0,1,0,task_009,0
144.000,robot_2,-1.729,-3.360,0,1,0,task_005,0
144.000,robot_3,5.871,6.797,0,0,0,,0
144.000,robot_4,9.457,-7.993,0,1,0,task_020,0
144.000,robot_5,4.724,-1.534,0,1,0,task_007,0
146.000,robot_1,5.769,10.755,0,1,0,task_009,0
146.000,robot_2,-1.810,-2.845,0,1,0,task_005,0
146.000,robot_3,5.871,6.797,0,0,0,,0
146.000,robot_4,9.764,-7.993,0,0,0,,0
146.000,robot_5,4.283,-1.255,0,1,0,task_007,0
148.000,robot_1,6.288,10.704,0,1,0,task_009,0
148.000,robot_2,-1.892,-2.369,0,1,0,task_005,0
148.000,robot_3,5.871,6.797,0,0,0,,0
148.000,robot_4,9.764,-7.993,0,0,0,,0
148.000,robot_5,3.844,-0.974,0,1,0,task_007,0
150.000,robot_1,6.796,10.587,0,1,0,task_009,0
150.000,robot_2,-1.927,-2.229,0,1,0,,0
150.000,robot_3,5.871,6.797,0,0,0,,0
150.000,robot_4,9.764,-7.993,0,0,0,,0
150.000,robot_5,3.404,-0.695,0,1,0,task_007,0
152.000,robot_1,7.290,10.449,0,1,0,task_009,0
152.000,robot_2,-1.927,-2.229,0,0,0,,0
152.000,robot_3,5.871,6.797,0,0,0,,0
152.000,robot_4,9.806,-7.919,0,1,0,task_016,0
152.000,robot_5,2.967,-0.427,0,1,0,task_007,0
154.000,robot_1,7.789,10.298,0,1,0,task_009,0
154.000,robot_2,-1.927,-2.229,0,0,0,,0
154.000,robot_3,5.871,6.797,0,0,0,,0
154.000,robot_4,9.892,-7.437,0,1,0,task_016,0
154.000,robot_5,2.523,-0.152,0,1,0,task_007,0
156.000,robot_1,8.284,10.134,0,1,0,task_009,0
156.000,robot_2,-1.927,-2.229,0,0,0,,0
156.000,robot_3,5.871,6.797,0,0,0,,0
156.000,robot_4,9.903,-6.915,0,1,0,task_016,0
156.000,robot_5,2.079,0.122,0,1,0,task_007,0
158.000,robot_1,8.793,10.021,0,1,0,task_009,0
158.000,robot_2,-1.927,-2.229,0,0,0,,0
158.000,robot_3,5.871,6.797,0,0,0,,0
158.000,robot_4,9.924,-6.417,0,1,0,task_016,0
158.000,robot_5,1.637,0.399,0,1,0,task_007,0
160.001,robot_1,9.374,10.111,0,1,0,task_009,0
160.001,robot_2,-1.927,-2.229,0,0,0,,0
160.001,robot_3,5.871,6.797,0,0,0,,0
160.001,robot_4,9.949,-6.233,0,0,0,,0
160.001,robot_5,1.096,0.750,0,1,0,task_007,0
162.000,robot_1,9.656,10.361,0,1,0,task_009,0
162.000,robot_2,-1.927,-2.229,0,0,0,,0
162.000,robot_3,5.871,6.797,0,0,0,,0
162.000,robot_4,9.949,-6.233,0,0,0,,0
162.000,robot_5,0.775,0.969,0,1,0,task_007,0
164.000,robot_1,9.881,10.723,0,1,0,task_009,0
164.000,robot_2,-1.927,-2.229,0,0,0,,0
164.000,robot_3,5.871,6.797,0,0,0,,0
164.000,robot_4,9.949,-6.233,0,0,0,,0
164.000,robot_5,0.349,1.271,0,1,0,task_007,0
166.000,robot_1,9.910,10.782,0,0,0,,0
166.000,robot_2,-1.927,-2.229,0,0,0,,0
166.000,robot_3,5.871,6.797,0,0,0,,0
166.000,robot_4,9.949,-6.233,0,0,0,,0
166.000,robot_5,-0.071,1.579,0,1,0,task_007,0
168.000,robot_1,9.910,10.782,0,0,0,,0
168.000,robot_2,-1.927,-2.229,0,0,0,,0
168.000,robot_3,5.871,6.797,0,0,0,,0
168.000,robot_4,9.949,-6.233,0,0,0,,0
168.000,robot_5,-0.511,1.858,0,1,0,task_007,0
170.000,robot_1,9.910,10.782,0,0,0,,0
170.000,robot_2,-1.927,-2.229,0,0,0,,0
170.000,robot_3,5.871,6.797,0,0,0,,0
170.000,robot_4,9.949,-6.233,0,0,0,,0
170.000,robot_5,-1.010,2.006,0,1,0,task_007,0
172.000,robot_1,9.910,10.782,0,0,0,,0
172.000,robot_2,-1.927,-2.229,0,0,0,,0
172.000,robot_3,5.871,6.797,0,0,0,,0
172.000,robot_4,9.949,-6.233,0,0,0,,0
172.000,robot_5,-1.481,2.218,0,1,0,task_007,0
174.000,robot_1,9.910,10.782,0,0,0,,0
174.000,robot_2,-1.927,-2.229,0,0,0,,0
174.000,robot_3,5.871,6.797,0,0,0,,0
174.000,robot_4,9.949,-6.233,0,0,0,,0
174.000,robot_5,-1.799,2.596,0,1,0,task_007,0
176.000,robot_1,9.910,10.782,0,0,0,,0
176.000,robot_2,-1.927,-2.229,0,0,0,,0
176.000,robot_3,5.871,6.797,0,0,0,,0
176.000,robot_4,9.949,-6.233,0,0,0,,0
176.000,robot_5,-1.904,2.783,0,1,0,task_007,0
178.000,robot_1,9.910,10.782,0,0,0,,0
178.000,robot_2,-1.927,-2.229,0,0,0,,0
178.000,robot_3,5.871,6.797,0,0,0,,0
178.000,robot_4,9.949,-6.233,0,0,0,,0
178.000,robot_5,-1.886,2.755,0,1,0,task_021,0
180.000,robot_1,9.910,10.782,0,0,0,,0
180.000,robot_2,-1.927,-2.229,0,0,0,,0
180.000,robot_3,5.871,6.797,0,0,0,,0
180.000,robot_4,9.949,-6.233,0,0,0,,0
180.000,robot_5,-1.808,2.432,0,1,0,task_021,0
182.000,robot_1,9.910,10.782,0,0,0,,0
182.000,robot_2,-1.927,-2.229,0,0,0,,0
182.000,robot_3,5.871,6.797,0,0,0,,0
182.000,robot_4,9.949,-6.233,0,0,0,,0
182.000,robot_5,-1.854,2.215,0,1,0,task_021,0
184.000,robot_1,9.910,10.782,0,0,0,,0
184.000,robot_2,-1.927,-2.229,0,0,0,,0
184.000,robot_3,5.871,6.797,0,0,0,,0
184.000,robot_4,9.949,-6.233,0,0,0,,0
184.000,robot_5,-1.862,2.198,0,0,0,,0
